ลำดับ,หมวด,ประโยคเดิม,ประโยคโคลน,ผ่าน,ไม่ผ่าน
1,FOMO,คราวที่แล้วใครกดไปแล้วได้ราคานี้ โชคดีมาก!,ใครเคยลองแล้วชอบ บอกต่อกันปากต่อปาก,,
2,FOMO,เตือนแล้วนะ รีบกดก่อนตะกร้าปลิว!,เตือนแล้วนะ รีบดูจบก่อน แล้วค่อยกดตะกร้าตามสะดวก,,
3,FOMO,ใครเห็นคลิปนี้ ถือว่าแต้มบุญสูงมาก!,ใครเห็นคลิปนี้ ถือว่าแต้มบุญสูงมากนะ!,,
4,FOMO,อย่าเพิ่งเลื่อนผ่าน ถ้าไม่อยากพลาดราคาโปร!,อย่าเพิ่งเลื่อนผ่าน ถ้าอยากรู้ว่าทำไมคนถึงชอบตัวนี้,,
5,FOMO,โกรธตัวเองมาก ทำไมเพิ่งมากดตอนราคาปกติ!,เสียดายที่เพิ่งมารู้จักตัวนี้ช้าไปหน่อย,,
6,FOMO,นาทีทองของจริง ไม่กดตอนนี้จะกดตอนไหน!,นาทีทองของจริง ไม่กดตอนนี้จะกดตอนไหนนะ!,,
7,FOMO,หมดแล้วหมดเลยนะ ล็อตนี้เจ้าของแบรนด์จัดโปรเดือด!,ของขายดี ใครเล็งไว้รีบเช็กสต็อกบ่อยๆ,,
8,FOMO,ใครเล็งไว้ รีบเลยนะ ก่อนของจะขาดตลาดอีกรอบ!,ใครเล็งไว้ รีบเลยนะ ก่อนของจะขาดตลาดอีกรอบนะ!,,
9,FOMO,ถูกกว่านี้ก็แจกฟรีแล้วแม่ รีบกดด่วน!,ความรู้สึกแบบดีเกินคาด แบบนี้ไม่บ่อยเจอ,,
10,FOMO,ได้มาราคานี้คือคุ้มจนงง คุ้มกว่านี้ไม่มีแล้ว!,ใช้แล้วรู้สึกว่าคุ้มกับที่เสียไป,,
11,FOMO,ไม่คิดว่าจะลดแรงขนาดนี้ กดใส่ตะกร้าแทบไม่ทัน!,ไม่คิดว่าจะชอบขนาดนี้ กดดูรายละเอียดแทบไม่ทัน,,
12,FOMO,ใครพลาดรอบที่แล้ว รอบนี้ห้ามพลาดเด็ดขาด!,ใครพลาดรอบที่แล้ว รอบนี้ห้ามพลาดเด็ดขาดนะ!,,
13,FOMO,โปรลับที่หลายคนยังไม่รู้ รีบดูก่อนโดนลบ!,หลายคนยังไม่รู้จักมุมนี้ของสินค้า,,
14,FOMO,ช็อกมาก! ราคานี้หาไม่ได้อีกแล้วนะบอกเลย,ช็อกมาก! คุณภาพแบบนี้ไม่ค่อยเจอบ่อยๆ ลองฟังในคลิป,,
15,FOMO,ใครเห็นคลิปนี้ภายใน 1 ชั่วโมง ถือว่ารอด!,ใครดูคลิปนี้ช่วงแรก ถือว่าได้ข้อมูลก่อนคนทั่วไป,,
16,FOMO,สต็อกจะหมดแล้วทุกคน ใครไหวไปก่อนเลย!,สต็อกจะหมดแล้วทุกคน ใครไหวไปก่อนเลยนะ!,,
17,FOMO,กรี๊ดดด! ลดโหดเหมือนโกรธใครมา รีบตำ!,กรี๊ดดด! ความประทับใจแรกแบบนี้ รีบไปดูต่อ,,
18,FOMO,อย่าลังเล นานกว่านี้ระวังของหมดนะ!,อย่าลังเล นานกว่านี้ระวังของหมดนะจ้า!,,
19,FOMO,โปรนี้ไม่ได้มีบ่อยๆ เจอแล้วต้องรีบคว้า!,จังหวะดีๆ แบบนี้ไม่บ่อยมา อย่าพลาดดูจบคลิป,,
20,FOMO,ใครจ่ายราคาเต็มอยู่ หยุดด่วน! มาดูคลิปนี้,ใครกำลังลังเลอยู่ หยุดด่วน! มาดูคลิปนี้ก่อนตัดสินใจ,,
21,FOMO,แทบช็อกตอนเห็นราคา คุ้มจนต้องรีบบอกต่อ!,แทบช็อกตอนลองใช้ครั้งแรก เลยอยากบอกต่อแบบไม่กั๊ก,,
22,FOMO,รีบด่วน! ก่อนที่แบรนด์จะรู้ตัวแล้วปรับราคาขึ้น,รีบด่วน! ก่อนของจะหมดช่วงที่คนซื้อเยอะๆ,,
23,FOMO,ให้ไวเลยพวกแก ของดีราคาแบบนี้ไปไวมาก!,ให้ไวเลยพวกแก ของดีแบบนี้หมดเร็วบ่อยๆ,,
24,FOMO,วันนี้วันเดียวเท่านั้น พลาดแล้วคือพลาดเลยนะ!,ช่วงนี้เป็นจังหวะน่าสนใจ พลาดดูแล้วอาจตามเรื่องไม่ท,,
25,FOMO,เตือนครั้งสุดท้าย! ก่อนโปรนี้จะหมดเขต,เตือนครั้งสุดท้าย! ก่อนจะพลาดช่วงที่ของพร้อมส่ง,,
26,FOMO,ใครยังไม่กดตะกร้า ระวังจะเสียใจทีหลังนะ!,ใครยังไม่กดตะกร้า ระวังจะเสียใจทีหลังนะจ้า!,,
27,FOMO,เจอราคานี้เข้าไป มือสั่นกดสั่งแทบไม่ทัน!,เจอของที่ใช่เข้าไป มือสั่นกดดูต่อแทบไม่ทัน,,
28,FOMO,ของแถมจุกมากแม่ รีบกดก่อนของแถมหมด!,ชุดที่ได้ครบจุใจ รีบดูรายละเอียดก่อนหมดช่วง,,
29,FOMO,ลดแบบไม่เกรงใจคนซื้อราคาเต็มเลย รีบจัด!,ความรู้สึกแบบจัดไปเลย แบบนี้ ลองดูจนจบนะ,,
30,FOMO,โปรเดือดกลางเดือน ใครเห็นคลิปนี้กำไรล้วนๆ!,คลิปนี้มีข้อมูลช่วยตัดสินใจชัดขึ้น ลองฟังก่อน,,
31,FOMO,ไม่ซื้อตอนนี้ระวังนอนไม่หลับนะบอกเลย!,ลองดูข้อมูลให้ครบก่อนตัดสินใจ จะได้ไม่เสียดายภายหลั,,
32,FOMO,ด่วนที่สุด! ของเพิ่งเข้า ใครรออยู่รีบมากด!,ด่วนจัดเต็มมาก! ของเพิ่งเข้า ใครรออยู่รีบมากด!,,
33,FOMO,ราคาดีงามจนต้องขยี้ตา รีบตุนด่วนๆ,คุณภาพน่าประทับใจจนต้องขยี้ตา ลองดูให้จบคลิป,,
34,FOMO,โอกาสสุดท้ายแล้ว ใครเล็งไว้ต้องจัดวันนี้!,โอกาสสุดท้ายแล้ว ใครเล็งไว้ต้องจัดวันนี้นะ!,,
35,FOMO,ท้าให้เช็คราคาเลย คลิปนี้ถูกสุดในแอป!,ท้าให้เช็ครีวิวจริงเลย คลิปนี้สรุปให้ครบในจบเดียว,,
36,FOMO,พลาดคลิปนี้ระวังคุยกับเพื่อนไม่รู้เรื่องนะ!,พลาดคลิปนี้ระวังคุยกับเพื่อนไม่รู้เรื่องนะจ้า!,,
37,FOMO,จำกัดแค่ 100 ออเดอร์แรกเท่านั้น รีบเลย!,ช่วงนี้คนสนใจเยอะ รีบเช็กความพร้อมของก่อนหมดช่วง,,
38,FOMO,ใครดูจบคลิปนี้ รับรองว่าเซฟเงินไปได้เยอะ!,ใครดูจบคลิปนี้ จะได้ประเด็นช่วยตัดสินใจชัดขึ้น,,
39,FOMO,เตือนแล้วนะ ว่ามันดีมาก รีบกดก่อนของหมด!,เตือนแล้วนะ ว่ามันดีมาก รีบกดก่อนของหมดจ้า!,,
40,FOMO,โปรไฟไหม้ของแท้ รีบกดตะกร้าด่วนจี๋!,ของมาใหม่กระแสแรง รีบกดดูรายละเอียดด่วนจี๋,,
41,FOMO,อย่ามัวแต่อ่านคอมเมนต์ รีบกดสั่งก่อนของหมด!,อย่ามัวแต่อ่านคอมเมนต์ รีบกดสั่งก่อนของหมดนะ!,,
42,FOMO,ราคานี้มีแค่ในคลิปนี้เท่านั้น!,มุมรีวิวนี้มีแค่ในคลิปนี้เท่านั้น,,
43,FOMO,ของดีมีน้อย ใครมือไวคนนั้นได้ไปเลย!,ของดีมีน้อย ใครมือไวคนนั้นได้ไปเลยนะ!,,
44,FOMO,ไม่คิดว่าแบรนด์จะกล้าลดขนาดนี้ ต้องรีบจัด!,ไม่คิดว่าจะชอบขนาดนี้ ต้องรีบมาเล่าให้ฟัง,,
45,FOMO,โปรแรงทะลุจอ รีบกดก่อนตะกร้าหาย!,กระแสแรงทะลุจอ รีบกดดูก่อนพลาดข้อมูลสำคัญ,,
46,FOMO,นาทีนี้ต้องแย่งชิง ใครไวใครได้นะบอกเลย!,นาทีนี้ต้องแย่งชิง ใครไวใครได้ไวก่อนเลย!,,
47,FOMO,ลดหนักมากแม่ รีบชวนเพื่อนมาหารด่วน!,ชอบหนักมากแม่ รีบชวนเพื่อนมาดูด้วยด่วน,,
48,FOMO,โค้ดส่วนลดมีจำกัด รีบใช้ก่อนสิทธิ์เต็ม!,สิทธิ์พิเศษช่วงนี้มีจำกัด รีบเช็กรายละเอียดก่อนหมด,,
49,FOMO,คุ้มจนอยากจะเหมาหมดสต็อก รีบไปกด!,ชอบจนอยากซ้ำหลายชิ้น ลองไปดูรายละเอียดก่อนตัดใจ,,
50,FOMO,อย่าปล่อยให้ของหลุดมือ ราคานี้หายากมาก!,อย่าปล่อยให้ของหลุดมือ แบบนี้หายากจริงๆ,,
51,AUTHENTIC,โอ๊ยยย ก็ว่าจะไม่บอกแล้วนะ แต่มันเริ่ดจริง!,โอ๊ยยย ก็ว่าจะไม่บอกแล้วนะ แต่มันเริ่ดจริงนะ!,,
52,AUTHENTIC,ความลับนางฟ้าที่แบรนด์ไม่ได้จ่าย จ่ายเองล้วนๆ!,ความลับนางฟ้าที่แบรนด์ไม่ได้จ่าย จ่ายเองล้วนๆนะ!,,
53,AUTHENTIC,โดนตกมาแบบงงๆ ไม่อยากเก็บไว้คนเดียวเลย,โดนตกมาแบบงงๆ ไม่อยากเก็บไว้คนเดียวเลยนะ,,
54,AUTHENTIC,โนสปอนเซอร์นะคะ คลิปนี้รีวิวจากใจผู้ใช้จริง!,โนสปอนเซอร์นะคะ คลิปนี้รีวิวจากใจผู้ใช้จริงนะ!,,
55,AUTHENTIC,เพื่อนทักว่าไปทำอะไรมา ทำไมช่วงนี้ดูดีขึ้น!,เพื่อนทักว่าไปทำอะไรมา ทำไมช่วงนี้ดูดีขึ้นนะ!,,
56,AUTHENTIC,ไอเทมลับที่คนเก่งๆ เค้าแอบใช้กัน!,ไอเทมลับที่คนเก่งๆ เค้าแอบใช้กันนะ!,,
57,AUTHENTIC,ป้ายยาแรงมากแกรรร ไม่ดีจริงไม่กล้าเอามาบอก!,ป้ายยาแรงมากแกรรร ไม่ดีจริงไม่กล้าเอามาบอกนะ!,,
58,AUTHENTIC,ขอร้องเลยนะ ใครยังไม่เคยลอง ต้องเปิดใจ!,ขอร้องเลยนะ ใครยังไม่เคยลอง ต้องเปิดใจนะ!,,
59,AUTHENTIC,บอกบุญจ้าาา เจอของดีเลยเอามาแชร์ต่อ!,บอกบุญจ้าาา เจอของดีเลยเอามาแชร์ต่อนะ!,,
60,AUTHENTIC,ชั้นไปอยู่ไหนมา ทำไมเพิ่งมารู้จักสิ่งนี้!,ชั้นไปอยู่ไหนมา ทำไมเพิ่งมารู้จักสิ่งนี้นะ!,,
61,AUTHENTIC,วงการนี้เข้าแล้วออกยากมาก บอกเลย!,วงการนี้เข้าแล้วออกยากมาก บอกเลยนะ!,,
62,AUTHENTIC,ของมันต้องมีจริงๆ แก ไม่มีคือเอาต์มาก!,ของมันต้องมีจริงๆ แก ไม่มีคือเอาต์มากนะ!,,
63,AUTHENTIC,รีวิวพลีชีพ! ใช้จริง เจ็บจริง ดีจริงเลยมาบอก!,รีวิวพลีชีพ! ใช้จริง เจ็บจริง ดีจริงเลยมาบอกนะ!,,
64,AUTHENTIC,ไม่คิดว่าจะเวิร์ค แต่พอลองแล้วคือจึ้งมาก!,ไม่คิดว่าจะเวิร์ค แต่พอลองแล้วคือจึ้งมากนะ!,,
65,AUTHENTIC,เคล็ดลับที่ทำลืมไปเลยว่าเคยมีปัญหานี้!,เคล็ดลับที่ทำลืมไปเลยว่าเคยมีปัญหานี้นะ!,,
66,AUTHENTIC,ใครมีปัญหาแบบเรา มามุงด่วนๆ เลยจ้า!,ใครมีปัญหาแบบเรา มามุงด่วนๆ เลยจ้านะ!,,
67,AUTHENTIC,ตอบคำถามที่คนทักมาถามเยอะที่สุดในอินบ็อกซ์!,ตอบคำถามที่คนทักมาถามเยอะจัดเต็มมากในอินบ็อกซ์!,,
68,AUTHENTIC,เผยเคล็ดลับที่แอบซุ่มใช้มานาน วันนี้ยอมบอกละ!,เผยเคล็ดลับที่แอบซุ่มใช้มานาน วันนี้เล่าให้ฟังละ!,,
69,AUTHENTIC,ใครลังเลอยู่ ดูคลิปนี้จบ ตัดสินใจได้แน่นอน!,ใครลังเลอยู่ ดูคลิปนี้จบ ตัดสินใจได้แน่นอนนะ!,,
70,AUTHENTIC,ไม่ดีจริงไม่กล้าเอาหน้ามารับประกันนะบอกเลย!,ไม่ดีจริงไม่กล้าเอาหน้ามายืนยันจากประสบการณ์ใช้เองน,,
71,AUTHENTIC,ใช้เองจนหมดไปหลายขวด เพิ่งมีโอกาสมารีวิว!,ใช้เองจนหมดไปหลายขวด เพิ่งมีโอกาสมารีวิวนะ!,,
72,AUTHENTIC,ของดีบอกต่อ ไม่หวงเคล็ดลับเลยจ้า!,ของดีบอกต่อ ไม่หวงเคล็ดลับเลยจ้านะ!,,
73,AUTHENTIC,ลองมาหมดแล้ว จบที่ตัวนี้ตัวเดียวจริงๆ!,ลองมาหมดแล้ว จบที่ตัวนี้ตัวเดียวจริงๆนะ!,,
74,AUTHENTIC,ใครเป็นสายนี้ ห้ามพลาดไอเทมนี้เด็ดขาด!,ใครเป็นสายนี้ ห้ามพลาดไอเทมนี้เด็ดขาดนะ!,,
75,AUTHENTIC,ป้ายยาแบบไม่กั๊ก ดีบอกดี ไม่ดีบอกไม่ดี!,ป้ายยาแบบไม่กั๊ก ดีบอกดี ไม่ดีบอกไม่ดีนะ!,,
76,AUTHENTIC,รีวิวแบบเรียลๆ โนฟิลเตอร์ โนแต่งภาพ!,รีวิวแบบเรียลๆ โนฟิลเตอร์ โนแต่งภาพนะ!,,
77,AUTHENTIC,ไอเทมกู้ชีพในวันเร่งรีบ ต้องมีติดกระเป๋า!,ไอเทมกู้ชีพในวันเร่งรีบ ต้องมีติดกระเป๋านะ!,,
78,AUTHENTIC,ใครขี้เกียจฟังยาวๆ ข้ามไปกดตะกร้าได้เลย!,ใครขี้เกียจฟังยาวๆ ข้ามไปกดตะกร้าได้เลยนะ!,,
79,AUTHENTIC,สารภาพบาป ว่าแอบไปตำตามชาวทวิตมา!,สารภาพบาป ว่าแอบไปตำตามชาวทวิตมานะ!,,
80,AUTHENTIC,เจอตัวตายตัวแทนแล้ว ไม่ต้องง้อของแพงอีกต่อไป!,เจอตัวตายตัวแทนแล้ว ไม่ต้องง้อของแพงอีกต่อไปนะ!,,
81,AUTHENTIC,ฮาวทูโกงความสวย แบบไม่ต้องจ่ายแพง!,ฮาวทูโกงความสวย แบบไม่ต้องจ่ายแพงนะ!,,
82,AUTHENTIC,ไอเทมลูกรักตัวใหม่ ยกให้เป็นเบอร์หนึ่งตอนนี้!,ไอเทมลูกรักตัวใหม่ ยกให้เป็นเบอร์หนึ่งตอนนี้นะ!,,
83,AUTHENTIC,ใครชอบความคุ้มค่า ต้องโดนตัวนี้ตกแน่ๆ!,ใครชอบของที่ใช้งานได้จริง ต้องลองดูคลิปนี้,,
84,AUTHENTIC,รีวิวตามจริง จากคนที่จ่ายเงินซื้อเองทุกบาท!,รีวิวตามจริง จากคนที่จ่ายเงินซื้อเองทุกบาทนะ!,,
85,AUTHENTIC,ป้ายยาเพื่อนไปหลายคนแล้ว วันนี้ขอมาป้ายยาในนี้บ้าง!,ป้ายยาเพื่อนไปหลายคนแล้ว วันนี้ขอมาป้ายยาในนี้บ้างน,,
86,AUTHENTIC,ใครเบื่อปัญหาเดิมๆ ลองเปิดใจให้สิ่งนี้ดูนะ!,ใครเบื่อปัญหาเดิมๆ ลองเปิดใจให้สิ่งนี้ดูนะจ้า!,,
87,AUTHENTIC,เคล็ด(ไม่)ลับ ที่อยากให้ทุกคนได้รู้!,เคล็ด(ไม่)ลับ ที่อยากให้ทุกคนได้รู้นะ!,,
88,AUTHENTIC,ไอเทมที่ทำให้ชีวิตง่ายขึ้น 300%,ของชิ้นนี้ที่ทำให้ชีวิตง่ายขึ้น 300%,,
89,AUTHENTIC,ดีใจมากที่ตัดสินใจซื้อวันนั้น ไม่ผิดหวังเลย!,ดีใจมากที่ตัดสินใจซื้อวันนั้น ไม่ผิดหวังเลยนะ!,,
90,AUTHENTIC,รีวิวฉบับคนขี้เกียจ ไอเทมเดียวจบปิ๊ง!,รีวิวฉบับคนขี้เกียจ ไอเทมเดียวจบปิ๊งนะ!,,
91,AUTHENTIC,ใครยังลังเล ฟังทางนี้ก่อนจ้า!,ใครยังลังเล ฟังทางนี้ก่อนจ้านะ!,,
92,AUTHENTIC,ป้ายยาแบบรัวๆ เตรียมตัวเสียทรัพย์ได้เลย!,ป้ายยาแบบรัวๆ เตรียมตัวเสียทรัพย์ได้เลยนะ!,,
93,AUTHENTIC,ไอเทม Must Have ที่ขาดไม่ได้ในตอนนี้!,ไอเทม Must Have ที่ขาดไม่ได้ในตอนนี้นะ!,,
94,AUTHENTIC,ไม่เชื่อก็ต้องเชื่อ ว่ามันเปลี่ยนชีวิตเราจริงๆ!,ไม่เชื่อก็ต้องเชื่อ ว่ามันเปลี่ยนชีวิตเราจริงๆนะ!,,
95,AUTHENTIC,รีวิวแบบสับๆ ไม่เยิ่นเย้อ ไปดูกันเลย!,รีวิวแบบสับๆ ไม่เยิ่นเย้อ ไปดูกันเลยนะ!,,
96,AUTHENTIC,ใครอยากรู้เคล็ดลับ ตามมาดูด่วนๆ!,ใครอยากรู้เคล็ดลับ ตามมาดูด่วนๆนะ!,,
97,AUTHENTIC,ไอเทมลับที่ช่วยเซฟเงินในกระเป๋าไปได้เยอะ!,ไอเทมลับที่ช่วยเซฟเงินในกระเป๋าไปได้เยอะนะ!,,
98,AUTHENTIC,ดีจนอยากจะเหมามาแจกเพื่อนให้หมด!,ดีจนอยากจะเหมามาแจกเพื่อนให้หมดนะ!,,
99,AUTHENTIC,ป้ายยาไอเทมเด็ด ที่ควรมีติดบ้าน!,ป้ายยาไอเทมเด็ด ที่ควรมีติดบ้านนะ!,,
100,AUTHENTIC,รีวิวจากใจคนใช้จริง ไม่หน้าม้าแน่นอน!,รีวิวจากใจคนใช้จริง ไม่หน้าม้าแน่นอนนะ!,,
101,OBSESSION,ไม่อยากให้เจ้าของแบรนด์เลิกผลิตเลย ขอร้อง!,ไม่อยากให้เจ้าของแบรนด์เลิกผลิตเลย ขอร้องนะ!,,
102,OBSESSION,ยกให้เป็นเดอะเบสท์ของปีนี้เลย จึ้งมาก!,ยกให้เป็นตัวโปรดของเราของปีนี้เลย จึ้งมาก!,,
103,OBSESSION,ซื้อตุนจนกว่าจะเลิกผลิต ของมันดีจริงๆ!,ซื้อตุนจนกว่าจะเลิกผลิต ของมันดีจริงๆนะ!,,
104,OBSESSION,ขาดเธอเหมือนขาดใจ ไอเทมนี้ต้องมีติดตัวตลอด!,ขาดเธอเหมือนขาดใจ ไอเทมนี้ต้องมีติดตัวตลอดนะ!,,
105,OBSESSION,ซื้อซ้ำรอบที่ร้อย ดีจนไม่รู้จะอวยยังไงแล้ว!,ซื้อซ้ำรอบที่ร้อย ดีจนไม่รู้จะอวยยังไงแล้วนะ!,,
106,OBSESSION,ถ้าแบรนด์เลิกทำ ฉันจะประท้วง!,ถ้าแบรนด์เลิกทำ ฉันจะประท้วงนะ!,,
107,OBSESSION,ไอเทมกู้โลก กู้ชีวิต ขาดไม่ได้เด็ดขาด!,ไอเทมกู้โลก กู้ชีวิต ขาดไม่ได้เด็ดขาดนะ!,,
108,OBSESSION,ตั้งแต่เจอสิ่งนี้ ชีวิตก็เปลี่ยนไปตลอดกาล!,ตั้งแต่เจอสิ่งนี้ ชีวิตก็เปลี่ยนไปตลอดกาลนะ!,,
109,OBSESSION,ยกขึ้นหิ้งไปเลยจ้า ไอเทมระดับตำนาน!,ยกขึ้นหิ้งไปเลยจ้า ไอเทมระดับตัวจริงที่ใช้ประจำ!,,
110,OBSESSION,ไม่เคยผิดหวังกับแบรนด์นี้ ทำถึงตลอด!,ไม่เคยผิดหวังกับแบรนด์นี้ ทำถึงตลอดนะ!,,
111,OBSESSION,ซื้อเผื่อชาติหน้าไปเลย คุ้มค่าทุกบาททุกสตางค์!,ซื้อแล้วรู้สึกว่าคุ้มกับที่จ่าย ทุกบาททุกสตางค์,,
112,OBSESSION,ไอเทมกันตาย วันไหนไม่มีคือขาดความมั่นใจ!,ไอเทมกันตาย วันไหนไม่มีคือขาดความมั่นใจนะ!,,
113,OBSESSION,ใช้ดีจนต้องกราบคนคิดค้น ขอบคุณที่สร้างสิ่งนี้มา!,ใช้ดีจนต้องกราบคนคิดค้น ขอบคุณที่สร้างสิ่งนี้มานะ!,,
114,OBSESSION,นี่คือเหตุผลที่ทำไมเราถึงซื้อซ้ำวนไป!,นี่คือเหตุผลที่ทำไมเราถึงซื้อซ้ำวนไปนะ!,,
115,OBSESSION,ไอเทมระดับเวิลด์คลาส แต่ราคาจับต้องได้!,ไอเทมระดับคุณภาพน่าประทับใจ แต่ราคาจับต้องได้!,,
116,OBSESSION,ดีจนอยากจะเหมาทั้งโรงงานมาไว้ที่บ้าน!,ดีจนอยากจะเหมาทั้งโรงงานมาไว้ที่บ้านนะ!,,
117,OBSESSION,ไม่นอกใจไปไหนแล้ว จบที่ตัวนี้ตัวเดียว!,ไม่นอกใจไปไหนแล้ว จบที่ตัวนี้ตัวเดียวนะ!,,
118,OBSESSION,ยกให้เป็น MVP ของหมวดนี้เลย ไม่มีใครล้มได้!,ยกให้เป็น ตัวเด็ด ของหมวดนี้เลย ไม่มีใครล้มได้!,,
119,OBSESSION,ไอเทมเปลี่ยนชีวิต จากหน้ามือเป็นหลังมือ!,ไอเทมเปลี่ยนชีวิต จากหน้ามือเป็นหลังมือนะ!,,
120,OBSESSION,ถ้าให้เลือกไอเทมไปติดเกาะ ขอเลือกสิ่งนี้!,ถ้าให้เลือกไอเทมไปติดเกาะ ขอเลือกสิ่งนี้นะ!,,
121,OBSESSION,ใช้ดีจนต้องร้องขอชีวิต มันเริ่ดเกินแก!,ใช้ดีจนต้องร้องขอชีวิต มันเริ่ดเกินแกนะ!,,
122,OBSESSION,ไอเทมที่ทุกคนคู่ควร เกิดมาต้องได้ลองซักครั้ง!,ไอเทมที่ทุกคนคู่ควร เกิดมาต้องได้ลองซักครั้งนะ!,,
123,OBSESSION,อวยยศให้สุดทาง ดีจนต้องบอกต่อให้โลกรู้!,อวยยศให้สุดทาง ดีจนต้องบอกต่อให้โลกรู้นะ!,,
124,OBSESSION,ใครไม่เคยลอง ถือว่าพลาดของดีในชีวิตไปเลยนะ!,ใครไม่เคยลอง ถือว่าพลาดของดีในชีวิตไปเลยนะจ้า!,,
125,OBSESSION,ซื้อตุนไว้ก่อน อุ่นใจกว่า ของขาดตลาดบ่อยมาก!,ซื้อตุนไว้ก่อน อุ่นใจกว่า ของขาดตลาดบ่อยมากนะ!,,
126,OBSESSION,ไอเทมที่ใช้แล้วรู้สึกสวย/หล่อขึ้น 10 ระดับ!,ไอเทมที่ใช้แล้วรู้สึกสวย/หล่อขึ้น 10 ระดับนะ!,,
127,OBSESSION,ของดีระดับแรร์ไอเทม ใครเจอกดด่วน!,ของดีระดับแรร์ไอเทม ใครเจอกดด่วนนะ!,,
128,OBSESSION,ใช้จนหยดสุดท้าย ไม่ยอมทิ้งเด็ดขาด!,ใช้จนหยดสุดท้าย ไม่ยอมทิ้งเด็ดขาดนะ!,,
129,OBSESSION,ดีจนอยากจะมอบมงกุฎให้เลย สมมงที่สุด!,ดีจนอยากจะมอบมงกุฎให้เลย สมมงจัดเต็มมาก!,,
130,OBSESSION,ไอเทมที่ทำให้คนรอบข้างทักจนรำคาญ! (ในทางที่ดี),ของชิ้นนี้ที่ทำให้คนรอบข้างทักจนรำคาญ! (ในทางที่ดี),,
131,OBSESSION,ขาดสิ่งนี้ไป ชีวิตขาดสีสันแน่นอน!,ขาดสิ่งนี้ไป ชีวิตขาดสีสันแน่นอนนะ!,,
132,OBSESSION,ซื้อแล้วซื้ออีก ซื้อวนไป ซื้อจนกว่าจะล้มละลาย!,ซื้อแล้วซื้ออีก ซื้อวนไป ซื้อจนกว่าจะล้มละลายนะ!,,
133,OBSESSION,ไอเทมที่ช่วยแก้ปัญหาเรื้อรังมานับสิบปี!,ไอเทมที่ช่วยแก้ปัญหาเรื้อรังมานับสิบปีนะ!,,
134,OBSESSION,ยกให้เป็นนัมเบอร์วันในดวงใจตลอดกาล!,ยกให้เป็นตัวโปรดในดวงใจตลอดไป!,,
135,OBSESSION,ดีจนอยากจะกระซิบข้างหูให้ทุกคนไปซื้อ!,ดีจนอยากจะกระซิบข้างหูให้ทุกคนไปซื้อนะ!,,
136,OBSESSION,ไอเทมที่ทำให้รู้สึกว่า เงินที่จ่ายไปคุ้มค่ามาก!,ไอเทมที่ทำให้รู้สึกว่า เงินที่จ่ายไปคุ้มกับการใช้งา,,
137,OBSESSION,ไม่เคยอินกับอะไรขนาดนี้มาก่อน จนมาเจอสิ่งนี้!,ไม่เคยอินกับอะไรขนาดนี้มาก่อน จนมาเจอสิ่งนี้นะ!,,
138,OBSESSION,ขอแต่งตั้งให้เป็นไอเทมลูกรักประจำปีนี้!,ขอแต่งตั้งให้เป็นไอเทมลูกรักประจำปีนี้นะ!,,
139,OBSESSION,ดีจนอยากจะกราบเบญจางคประดิษฐ์ให้แบรนด์!,ดีจนอยากจะกราบเบญจางคประดิษฐ์ให้แบรนด์นะ!,,
140,OBSESSION,ไอเทมที่ทำให้เรากลายเป็นคนคลั่งรัก! (รักสินค้า),ของชิ้นนี้ที่ทำให้เรากลายเป็นคนคลั่งรัก!,,
141,OBSESSION,ขาดเธอไม่ได้จริงๆ ขอร้องอย่าเลิกผลิตนะ!,ขาดเธอไม่ได้จริงๆ ขอร้องอย่าเลิกผลิตนะจ้า!,,
142,OBSESSION,ซื้อตุนรัวๆ กลัววันนึงเค้าจะไม่ทำขายแล้ว!,ซื้อตุนรัวๆ กลัววันนึงเค้าจะไม่ทำขายแล้วนะ!,,
143,OBSESSION,ไอเทมที่เปลี่ยนเรื่องยากให้กลายเป็นเรื่องง่าย!,ไอเทมที่เปลี่ยนเรื่องยากให้กลายเป็นเรื่องง่ายนะ!,,
144,OBSESSION,ยกให้เป็นพระเอก/นางเอกของงานนี้เลย!,ยกให้เป็นพระเอก/นางเอกของงานนี้เลยนะ!,,
145,OBSESSION,ดีจนต้องปาดน้ำตา ทำไมเพิ่งมาเจอตอนนี้!,ดีจนต้องปาดน้ำตา ทำไมเพิ่งมาเจอตอนนี้นะ!,,
146,OBSESSION,ไอเทมที่ทำให้เรารักตัวเองมากขึ้น!,ไอเทมที่ทำให้เรารักตัวเองมากขึ้นนะ!,,
147,OBSESSION,ไม่ใช่แค่ชอบ แต่มันคือความผูกพันไปแล้ว!,ไม่ใช่แค่ชอบ แต่มันคือความผูกพันไปแล้วนะ!,,
148,OBSESSION,ขาดสิ่งนี้ไป ชีวิตเหมือนขาดอะไรไปอย่าง!,ขาดสิ่งนี้ไป ชีวิตเหมือนขาดอะไรไปอย่างนะ!,,
149,OBSESSION,ซื้อซ้ำจนจำไม่ได้แล้วว่ากระปุกที่เท่าไหร่!,ซื้อซ้ำจนจำไม่ได้แล้วว่ากระปุกที่เท่าไหร่นะ!,,
150,OBSESSION,ยกให้เป็นตำนานที่ยังมีลมหายใจ ไอเทมสุดปัง!,ยกให้เป็นตัวจริงที่ใช้ประจำที่ยังมีลมหายใจ,,
151,CURIOSITY,ไม่เชื่อก็ต้องเชื่อ! ว่าของราคาแค่นี้จะทำได้ขนาดนี้,ไม่เชื่อก็ต้องลองดู! ว่าของชิ้นนี้ทำได้เกินที่คิด,,
152,CURIOSITY,เพิ่งรู้ว่าทำแบบนี้ได้ด้วย ฉันไปอยู่ไหนมาเนี่ย!,เพิ่งรู้ว่าทำแบบนี้ได้ด้วย ฉันไปอยู่ไหนมาเนี่ยนะ!,,
153,CURIOSITY,หยุดไถฟีดก่อน! ถ้าไม่อยากพลาดสิ่งนี้,หยุดไถฟีดก่อน! ถ้าไม่อยากพลาดสิ่งนี้นะ,,
154,CURIOSITY,อย่าเพิ่งซื้อของแพง ถ้ายังไม่ได้ดูคลิปนี้!,อย่าเพิ่งซื้อของแพง ถ้ายังไม่ได้ดูคลิปนี้นะ!,,
155,CURIOSITY,ช็อกวงการ! ไอเทมลับที่คู่แข่งไม่อยากให้คุณรู้,ช็อกวงการ! ของชิ้นนี้ลับที่คู่แข่งไม่อยากให้คุณรู้,,
156,CURIOSITY,รู้รึเปล่า? ว่าคุณอาจจะกำลังทำผิดมาตลอด!,รู้รึเปล่า? ว่าคุณอาจจะกำลังทำผิดมาตลอดนะ!,,
157,CURIOSITY,ความลับที่โดนปิดบังมานาน วันนี้จะมาแฉให้หมด!,ความลับที่โดนปิดบังมานาน วันนี้จะมาแฉให้หมดนะ!,,
158,CURIOSITY,ระวัง! ถ้ากดใช้สิ่งนี้ ชีวิตคุณจะเปลี่ยนไป!,ระวัง! ถ้ากดใช้สิ่งนี้ ชีวิตคุณจะเปลี่ยนไปนะ!,,
159,CURIOSITY,คลิปนี้อาจจะโดนลบ รีบดูก่อนบิน!,คลิปนี้อาจจะโดนลบ รีบดูก่อนบินนะ!,,
160,CURIOSITY,เตือนภัย! อย่าหาทำแบบนี้ ถ้ายังไม่รู้สิ่งนี้,เตือนภัย! อย่าหาทำแบบนี้ ถ้ายังไม่รู้สิ่งนี้นะ,,
161,CURIOSITY,ไขข้อข้องใจ ทำไมคนถึงฮิตสิ่งนี้กันนัก!,ไขข้อข้องใจ ทำไมคนถึงฮิตสิ่งนี้กันนักนะ!,,
162,CURIOSITY,ทดลองใช้มา 7 วัน ผลลัพธ์ที่ได้คือช็อกมาก!,ทดลองใช้มา 7 วัน ผลลัพธ์ที่ได้คือช็อกมากนะ!,,
163,CURIOSITY,แฉหมดเปลือก! รีวิวตามจริง แบบไม่เกรงใจใคร,แฉหมดเปลือก! รีวิวตามจริง แบบไม่เกรงใจใครอีก,,
164,CURIOSITY,สิ่งที่คุณเห็น อาจจะไม่ใช่อย่างที่คุณคิด!,สิ่งที่คุณเห็น อาจจะไม่ใช่อย่างที่คุณคิดนะ!,,
165,CURIOSITY,รู้แล้วเหยียบไว้เลยนะ ความลับขั้นสุดยอด!,รู้แล้วเหยียบไว้เลยนะ ความลับขั้นสุดยอดจ้า!,,
166,CURIOSITY,อย่าเพิ่งเลื่อนผ่าน ถ้าคุณมีอาการแบบนี้!,อย่าเพิ่งเลื่อนผ่าน ถ้าคุณมีอาการแบบนี้นะ!,,
167,CURIOSITY,ตอบชัดๆ ตรงนี้ ดีจริงหรือแค่กระแส!,ตอบชัดๆ ตรงนี้ ดีจริงหรือแค่กระแสนะ!,,
168,CURIOSITY,ท้าพิสูจน์! ไอเทมที่เคลมว่าดีที่สุด มันจริงมั้ย?,ท้าพิสูจน์! ไอเทมที่เคลมว่าโดนใจเรามาก มันจริงมั้ย?,,
169,CURIOSITY,คลิปนี้มีคำตอบ! สำหรับคนที่สงสัยมานาน,คลิปนี้เลยมีคำตอบ! สำหรับคนที่สงสัยมานาน,,
170,CURIOSITY,ระวังโดนหลอก! ดูคลิปนี้ก่อนตัดสินใจซื้อ,ระวังโดนหลอก! ดูคลิปนี้เลยก่อนตัดสินใจซื้อ,,
171,CURIOSITY,เผยทริคเด็ด ที่ไม่มีใครเคยบอกคุณมาก่อน!,เผยทริคเด็ด ที่ไม่มีใครเคยบอกคุณมาก่อนนะ!,,
172,CURIOSITY,ช็อกอีกรอบ! เมื่อรู้ว่าส่วนผสมของสิ่งนี้คืออะไร,ช็อกอีกรอบ! เมื่อรู้ว่าส่วนผสมของสิ่งนี้คืออะไรนะ,,
173,CURIOSITY,อย่าเพิ่งเชื่อรีวิว ถ้ายังไม่ได้ลองด้วยตัวเอง!,อย่าเพิ่งเชื่อรีวิว ถ้ายังไม่ได้ลองด้วยตัวเองนะ!,,
174,CURIOSITY,คลิปนี้จะมาเปลี่ยนความคิดคุณ ไปตลอดกาล!,คลิปนี้จะมาเปลี่ยนความคิดคุณ ไปตลอดกาลนะ!,,
175,CURIOSITY,ใครพลาดคลิปนี้ ถือว่าพลาดเรื่องสำคัญมาก!,ใครพลาดคลิปนี้ ถือว่าพลาดเรื่องสำคัญมากนะ!,,
176,CURIOSITY,เจาะลึกความจริง ไอเทมสุดฮิต มันดีจริงหรอ?,เจาะลึกความจริง ของชิ้นนี้สุดฮิต มันดีจริงหรอ?,,
177,CURIOSITY,ระวังตัวให้ดี! เพราะสิ่งนี้อาจจะทำให้คุณเสียทรัพย์,ระวังตัวให้ดี! เพราะสิ่งนี้อาจจะทำให้คุณเสียทรัพย์น,,
178,CURIOSITY,รู้หรือไม่? แค่ปรับนิดเดียว ผลลัพธ์เปลี่ยนมหาศาล!,รู้หรือไม่? แค่ปรับนิดเดียว ผลลัพธ์เปลี่ยนมหาศาลนะ!,,
179,CURIOSITY,สิ่งที่แบรนด์ไม่ได้บอกคุณ แต่เราจะบอกเอง!,สิ่งที่แบรนด์ไม่ได้บอกคุณ แต่เราจะบอกเองนะ!,,
180,CURIOSITY,ช็อกขีดสุด! เมื่อเห็นก่อนและหลังใช้,ช็อกขีดสุด! เมื่อเห็นช่วงก่อนใช้กับหลังใช้,,
181,CURIOSITY,อย่าเพิ่งด่วนสรุป ดูคลิปนี้ให้จบก่อน!,อย่าเพิ่งด่วนสรุป ดูคลิปนี้ให้จบก่อนนะ!,,
182,CURIOSITY,คลิปนี้อาจจะไปขัดใจใครหลายคน แต่ต้องพูด!,คลิปนี้อาจจะไปขัดใจใครหลายคน แต่ต้องพูดนะ!,,
183,CURIOSITY,เผยเบื้องหลัง ความสำเร็จที่หลายคนสงสัย,เผยเบื้องหลัง ความสำเร็จที่หลายคนสงสัยนะ,,
184,CURIOSITY,ระวังตกเทรนด์! ถ้าไม่รู้จักไอเทมตัวนี้,ระวังตกเทรนด์! ถ้าไม่รู้จักของชิ้นนี้ตัวนี้,,
185,CURIOSITY,รู้แล้วจะอึ้ง! ความลับของไอเทมหลักร้อย,รู้แล้วจะอึ้ง! ความลับของของชิ้นนี้หลักร้อย,,
186,CURIOSITY,ท้าให้ลอง! ถ้าไม่ดีจริง ยอมให้ด่าเลย,ท้าให้ลอง! ถ้าไม่ดีจริง ยอมให้ด่าเลยนะ,,
187,CURIOSITY,คลิปนี้จะมาปลดล็อก สกินหมาทองคำให้คุณ!,คลิปนี้จะมาปลดล็อก สกินหมาทองคำให้คุณนะ!,,
188,CURIOSITY,ช็อกซ้ำซ้อน! คุ้มกว่านี้ไม่มีอีกแล้ว,ช็อกซ้ำซ้อน! ชอบกว่านี้หายากจริงๆ,,
189,CURIOSITY,อย่าเพิ่งยอมแพ้ ถ้ายังไม่ได้ลองวิธีนี้!,อย่าเพิ่งยอมแพ้ ถ้ายังไม่ได้ลองวิธีนี้นะ!,,
190,CURIOSITY,เผยสูตรลับ ที่ทำยอดขายถล่มทลาย!,เผยทริคที่ใช้บ่อย ที่ทำยอดขายถล่มทลาย!,,
191,CURIOSITY,ระวังของปลอมระบาด! ดูวิธีเช็คของแท้ในคลิปนี้,ระวังของปลอมระบาด! ดูวิธีเช็คของแท้ในคลิปนี้เลย,,
192,CURIOSITY,รู้ไว้ใช่ว่า ใส่บ่าแบกหาม ทริคดีๆ ที่ต้องรู้!,รู้ไว้ใช่ว่า ใส่บ่าแบกหาม ทริคดีๆ ที่ต้องรู้นะ!,,
193,CURIOSITY,สิ่งที่คุณมองข้าม อาจจะเป็นตัวการสำคัญ!,สิ่งที่คุณมองข้าม อาจจะเป็นตัวการสำคัญนะ!,,
194,CURIOSITY,ช็อกความรู้สึก! เมื่อรู้ความจริงข้อนี้,ช็อกความรู้สึก! เมื่อรู้ความจริงข้อนี้นะ,,
195,CURIOSITY,อย่าปล่อยให้ความสงสัย ฆ่าคุณ รีบดูคลิปนี้!,อย่าปล่อยให้ความสงสัย ฆ่าคุณ รีบดูคลิปนี้นะ!,,
196,CURIOSITY,คลิปนี้มีเซอร์ไพรส์ รออยู่ตอนท้าย!,คลิปนี้มีเซอร์ไพรส์ รออยู่ตอนท้ายนะ!,,
197,CURIOSITY,เผยไอเทมก้นกรุ ที่ไม่ค่อยมีใครรู้จัก,เผยไอเทมก้นกรุ ที่ไม่ค่อยมีใครอีกรู้จัก,,
198,CURIOSITY,ระวังจะโดนตก! ถ้าดูคลิปนี้จบ,ระวังจะโดนตก! ถ้าดูคลิปนี้เลยจบ,,
199,CURIOSITY,รู้ทันกลโกง! ก่อนตกเป็นเหยื่อ,รู้ทันกลโกง! ก่อนตกเป็นเหยื่อนะ,,
200,CURIOSITY,ช็อกโลกออนไลน์! คลิปไวรัลที่คุณต้องดู,ช็อกโลกออนไลน์! คลิปไวรัลที่คุณต้องแวะดู,,
201,FOMO,โปรช่วงนี้คนเยอะ ใครเล็งไว้รีบเช็กสต็อก,ช่วงนี้คนสนใจเยอะ แนะให้แวะเช็กสต็อกก่อน,,
202,FOMO,ของชิ้นนี้ขายดี เลยมาอัปเดตให้ฟังทันๆ,ขายดีเลยมาอัปเดตให้ฟังแบบกระชับๆ,,
203,FOMO,ใครชอบของฮิต ช่วงนี้เข้ามาดูรีวิวบ่อยๆ,ของฮิตช่วงนี้ แวะอ่านรีวิวบ่อยๆ ดีกว่า,,
204,FOMO,ไม่อยากให้พลาดจังหวะดี แวะดูสักครู่,จังหวะดีแบบนี้ แวะดูสักครู่ก่อนไป,,
205,FOMO,ใครเลื่อนผ่านไว ลองดูสั้นๆ ก่อนตัดสินใจ,เลื่อนไวไป ลองดูสั้นๆ ก่อนตัดใจ,,
206,FOMO,ตอนนี้รีวิวเยอะ เอามาสรุปให้ฟังแบบเข้าใจง่าย,รีวิวเยอะ เลยสรุปให้ฟังแบบเข้าใจง่าย,,
207,FOMO,ใครจะกดซื้อ ลองดูในคลิปก่อนก็ดีนะ,จะซื้อที ดูในคลิปก่อนก็ช่วยได้,,
208,FOMO,ช่วงนี้สต็อกเข้าออกเร็ว เช็กบ่อยจะชัวร์กว่า,สต็อกเปลี่ยนเร็ว เช็กบ่อยๆ จะชัวร์กว่า,,
209,FOMO,ใครเล็งรุ่นนี้ไว้ อย่าพลาดมุมที่เล่าให้ฟัง,เล็งรุ่นนี้ไว้ ฟังมุมนี้ก่อนตัดสินใจ,,
210,FOMO,ราคาดีมาแล้ว เปิดดูเปรียบเทียบก่อนจ่าย,ราคาน่าสนใจ ลองเปรียบเทียบก่อนจ่าย,,
211,FOMO,คนที่ชอบอ่านรีวิวก่อนกด มาทางนี้,ชอบอ่านรีวิวก่อนกด แวะมาทางนี้,,
212,FOMO,โอกาสดีๆ มาแล้ว ลองฟังก่อนตัดใจ,โอกาสมาแล้ว ฟังก่อนตัดใจดีกว่า,,
213,FOMO,ใครมีตะกร้ารออยู่ ลองเช็กความคุ้มในคลิป,ตะกร้ารออยู่ เช็กความคุ้มในคลิปนี้,,
214,AUTHENTIC,อัดจากบ้านจริง หลังใช้มาสักพักแล้ว,อัดจากบ้าน หลังใช้มาพักใหญ่ๆ,,
215,AUTHENTIC,ไม่มีสคริปต์ แค่อยากเล่าประสบการณ์ตรงๆ,ไม่สคริปต์ เล่าประสบการณ์ตรงๆ แบบนี้,,
216,AUTHENTIC,เพื่อนกลุ่มแชทถามบ่อย เลยรวมคำตอบไว้ที่นี่,แชทถามเยอะ เลยรวมคำตอบไว้ที่นี่,,
217,AUTHENTIC,ซื้อเองใช้เอง ค่อยมาเล่าให้ฟังแบบเปิดเผย,ซื้อเองใช้เอง เลยเล่าแบบเปิดเผย,,
218,AUTHENTIC,เล่าแบบคุยกับเพื่อน ไม่มีจ้างรีวิวนะ,คุยเหมือนเพื่อน ไม่ได้จ้างรีวิว,,
219,AUTHENTIC,เคยลองหลายอย่างมาแล้ว อันนี้โอเคในมุมเรา,ลองมาหลายแบบ อันนี้โอเคในมุมเรา,,
220,AUTHENTIC,รีวิวยาวไม่จำเป็น ฟังจุดสำคัญแค่นี้ก็ได้,ฟังแค่จุดสำคัญ ก็พอตัดสินใจได้,,
221,AUTHENTIC,จากที่ใช้จริง ไม่ใช่แค่อ่านสเปกกล่อง,ใช้จริงมาเล่า ไม่ได้แค่อ่านสเปก,,
222,AUTHENTIC,อยากบอกต่อ เพราะชีวิตประจำวันสบายขึ้น,ชีวิตสบายขึ้น เลยอยากบอกต่อ,,
223,AUTHENTIC,พูดสั้นๆ ตรงประเด็น ใครชอบแบบนี้เข้ามา,สายตรงๆ พูดสั้นๆ แบบนี้เข้ามา,,
224,AUTHENTIC,ทริคเล็กๆ ที่คิดว่าควรเอามาแชร์ให้ฟัง,ทริคเล็กๆ อยากแชร์ให้ฟังสักหน่อย,,
225,AUTHENTIC,ไม่ได้โม้เกินจริง แค่อยากให้ลองเปิดใจฟัง,ไม่โม้เกินจริง แค่อยากให้ลองฟัง,,
226,AUTHENTIC,มุมผู้ใช้จริง ที่หน้าโฆษณาไม่ได้เล่าเยอะ,มุมคนใช้จริง โฆษณาไม่ได้เล่าเยอะ,,
227,OBSESSION,ของในกระเป๋ารายวัน ชิ้นนี้ติดมาบ่อยมาก,ติดกระเป๋าประจำ ชิ้นนี้หยิบบ่อยมาก,,
228,OBSESSION,ถ้าจัดอันดับของชอบ ชิ้นนี้ติดท็อปทุกรอบ,จัดอันดับของชอบ ชิ้นนี้ติดท็อปเสมอ,,
229,OBSESSION,ใช้บ่อยจนรู้สึกว่าเป็นไอเทมประจำตัว,ใช้บ่อยจนกลายเป็นไอเทมประจำตัว,,
230,OBSESSION,หยิบใช้บ่อยจนวันนี้ขาดไม่ได้จริงๆ,ใช้บ่อยจนวันนี้ขาดไม่ได้จริงๆ,,
231,OBSESSION,ระดับชอบล้น เกือบจะเรียกว่าหลงรักแล้ว,ชอบมาก เกือบจะเรียกว่าหลงรักแล้ว,,
232,OBSESSION,ลิสต์ของใช้ดี มีชื่อชิ้นนี้ตลอด,ลิสต์ของใช้ดี มีชื่อชิ้นนี้เสมอ,,
233,OBSESSION,ยกให้เป็นไอเทมที่ซื้อซ้ำได้ไม่เขิน,ซื้อซ้ำได้โดยไม่เขินเลยจริงๆ,,
234,OBSESSION,แพ้ตั้งแต่เปิดกล่องครั้งแรกเลยจริงๆ,แพ้ตั้งแต่แกะกล่องครั้งแรกเลย,,
235,OBSESSION,จนคนในบ้านทักว่าไปหามาจากไหน,คนในบ้านทักว่าไปหามาจากไหน,,
236,OBSESSION,ขาดวันไหนวันนั้นรู้สึกไม่ครบ,ขาดวันไหน วันนั้นรู้สึกไม่ครบ,,
237,OBSESSION,สั่งซ้ำจนรู้เลขพัสดุเกือบจำได้,สั่งซ้ำจนแทบจำเลขพัสดุได้,,
238,OBSESSION,ของในห้องที่อยากยกให้เป็นตัวท็อป,ของในห้อง ยกให้เป็นตัวท็อปเลย,,
239,CURIOSITY,เลื่อนผ่านไป อาจพลาดมุมที่น่าสนใจนะ,เลื่อนผ่าน อาจพลาดมุมน่าสนใจ,,
240,CURIOSITY,คำว่าคุ้ม หมายถึงอะไรในคลิปนี้มีคำตอบ,คำว่าคุ้มคืออะไร ฟังในคลิปนี้,,
241,CURIOSITY,ยังลังเลอยู่ ลองฟังจบแล้วค่อยตัดสิน,ลังเลอยู่ ฟังจบแล้วค่อยตัดสิน,,
242,CURIOSITY,ประเด็นที่หลายคนยังมองข้ามไปบ่อยๆ,หลายคนยังมองข้ามประเด็นนี้,,
243,CURIOSITY,คลิปนี้เปิดมุมใช้งานที่ไม่ค่อยเห็น,เปิดมุมใช้งานที่ไม่ค่อยเห็น,,
244,CURIOSITY,เทียบข้อดีข้อควรรู้ แบบไม่พูดเกินจริง,เทียบข้อดีข้อควรรู้ แบบตรงๆ,,
245,CURIOSITY,ก่อนกดซื้อ ลองฟังจุดที่ควรเช็กก่อน,ก่อนซื้อ ฟังจุดที่ควรเช็กก่อน,,
246,CURIOSITY,ทำไมหลายคนดูคลิปนี้ซ้ำได้หลายรอบ,ทำไมคนดูคลิปนี้ซ้ำได้หลายรอบ,,
247,CURIOSITY,เบื้องหลังการเลือกใช้ในแต่ละวัน,เล่าเบื้องหลังการเลือกใช้ทุกวัน,,
248,CURIOSITY,ของแพงกับถูก มุมนี้ช่วยให้เห็นต่างชัด,แพงกับถูก มุมนี้เห็นต่างชัดขึ้น,,
249,CURIOSITY,คำถามที่อยากให้ตอบได้หลังจบคลิป,อยากให้ตอบคำถามนี้หลังจบคลิป,,
250,CURIOSITY,เปิดดูแป๊บเดียว อาจได้ไอเดียใหม่ๆ,ดูแป๊บเดียว อาจได้ไอเดียใหม่ๆ,,
